File_Name,TSO_Result,PSO_Result,Conclusion
1-rds.c,Exception,Exception,Error/Timeout (Check Log)
2-vlan.c,Safe,Safe,No Bug
3-vlan-s.c,Safe,Safe,No Bug
4-xsk2.c,Safe,Safe,No Bug
5-fs.c,Safe,Safe,No Bug
6-bpf.c,Safe,Safe,No Bug
7-xdp2.c,Safe,Safe,No Bug
8-watchqueue.c,Safe,Safe,No Bug
9-tls2.c,Safe,Safe,No Bug
10-smc2.c,Exception,Exception,Error/Timeout (Check Log)
11-gsm.c,Safe,Safe,No Bug
12-xsk.c,Safe,Safe,No Bug
13-xdp.c,Safe,Safe,No Bug
14-vmci.c,Safe,Safe,No Bug
15-tls.c,Exception,Exception,Error/Timeout (Check Log)
16-nbd.c,Safe,Safe,No Bug
17-unix.c,Safe,Safe,No Bug
18-unix-s.c,Safe,Safe,No Bug
19-tcve-2016-8655.c,Safe,Safe,No Bug
20-tcve-2017-2636.c,Safe,Safe,No Bug
21-tcve-2018-12232.c,Safe,Safe,No Bug
22-tcve-2019-6974.c,Safe,Safe,No Bug
23-watchqueue.c,Safe,Safe,No Bug
24-xsk.c,Safe,Safe,No Bug
