Folder,File_Name,SC_Model_Result,PSO_Model_Result
Layer1,0-datarace_genmc.ll,Safe,Bug Detected
Layer1,13-CVE-2020-11739-Xen_genmc.ll,Timeout,Timeout
Layer1,15-CVE-2020-25603-Xen_genmc.ll,Safe,Bug Detected
Layer1,17-ceph_genmc.ll,Safe,Bug Detected
Layer1,18-MariaDBEasy_genmc.ll,Bug Detected,Bug Detected
Layer1,19-DragonWell8Easy_genmc.ll,Safe,Bug Detected
Layer1,1-Linuxeasy_genmc.ll,Timeout,Timeout
Layer1,20-JDK_genmc.ll,Safe,Bug Detected
Layer1,21-libfabric_genmc.ll,Safe,Bug Detected
Layer1,22-openmpi_genmc.ll,Safe,Bug Detected
Layer1,23-includeos_genmc.ll,Safe,Bug Detected
Layer1,24-mysql_genmc.ll,Timeout,Timeout
Layer1,25-JDK-8179954_genmc.ll,Safe,Bug Detected
Layer1,26-ompi_genmc.ll,Safe,Bug Detected
Layer1,2-DPDK_genmc.ll,Safe,Safe
Layer1,3-sel4_genmc.ll,Safe,Safe
Layer1,4-MySQL_genmc.ll,Safe,Bug Detected
Layer1,5-StackOverFlowEasy_genmc.ll,Safe,Safe
Layer1,6-ompi_genmc.ll,Safe,Bug Detected
Layer1,7-OpenBLAS_genmc.ll,Safe,Safe
Layer1,barrier_genmc.ll,Safe,Bug Detected
Layer1,crossbeam_genmc.ll,Timeout,Timeout
Layer1,MariaDB-MDEV-6615_genmc.ll,Timeout,Bug Detected
Layer1,mcs_genmc.ll,Bug Detected,Bug Detected
Layer1,mysql-99556_genmc.ll,Timeout,Timeout
Layer1,mysql_rwlock_deadlock_genmc.ll,Safe,Bug Detected
Layer1,mysql-ut-realx_genmc.ll,Timeout,Timeout
Layer1,mysql_volatile_bug_genmc.ll,Safe,Bug Detected
Layer1,pso_test_genmc.ll,Safe,Bug Detected
Layer1,sofa_pbrpc_hang_genmc.ll,Safe,Bug Detected
Layer1,tso_test_genmc.ll,Safe,Bug Detected
Layer1,unsafe_publish_genmc.ll,Safe,Safe
Layer2,10-smc2_genmc.ll,Safe,Bug Detected
Layer2,11-gsm_genmc.ll,Bug Detected,Bug Detected
Layer2,1-rds_genmc.ll,Safe,Bug Detected
Layer2,1-vlan_genmc.ll,Safe,Bug Detected
Layer2,1-vlan-s_genmc.ll,Bug Detected,Bug Detected
Layer2,2-watchqueue_genmc.ll,Safe,Bug Detected
Layer2,3-vmci_genmc.ll,Bug Detected,Bug Detected
Layer2,3-xsk_genmc.ll,Bug Detected,Bug Detected
Layer2,4-xdp_genmc.ll,Bug Detected,Bug Detected
Layer2,4-xsk2_genmc.ll,Bug Detected,Bug Detected
Layer2,5-fs_genmc.ll,Bug Detected,Bug Detected
Layer2,5-tls_genmc.ll,Bug Detected,Bug Detected
Layer2,6-bpf_genmc.ll,Bug Detected,Bug Detected
Layer2,7-nbd_genmc.ll,Bug Detected,Bug Detected
Layer2,7-xdp2_genmc.ll,Bug Detected,Bug Detected
Layer2,9-tls2_genmc.ll,Bug Detected,Bug Detected
Layer2,9-unix_genmc.ll,Bug Detected,Bug Detected
Layer2,9-unix-s_genmc.ll,Bug Detected,Bug Detected
Layer2,tcve-2016-8655_genmc.ll,Bug Detected,Bug Detected
Layer2,tcve-2017-2636_genmc.ll,Bug Detected,Bug Detected
Layer2,tcve-2018-12232_genmc.ll,Bug Detected,Bug Detected
Layer2,tcve-2019-6974_genmc.ll,Bug Detected,Bug Detected
Layer2,watchqueue_genmc.ll,Bug Detected,Bug Detected
Layer2,xsk_genmc.ll,Bug Detected,Bug Detected
Layer3,8-smc_genmc.ll,Safe,Bug Detected
Layer3,8-smc-high_genmc.ll,Safe,Safe
Layer3,8-tls_genmc.ll,Safe,Bug Detected
Layer3,8-tls-high_genmc.ll,Safe,Safe
